<?xml version="1.0" encoding="UTF-8"?>
<cpk>
    <elementTypes defaultElement="main">
        <elementType name="Dashboard" class="pt.webdetails.cpk.elements.impl.DashboardElement">
            <elementLocations>
                <elementLocation path="dashboards/admin" isRecursive="true" pattern=".*\.wcdf" adminOnly="true"/>
                <elementLocation path="dashboards/" isRecursive="true" pattern=".*\.wcdf" adminOnly="false"/>
            </elementLocations>
        </elementType>
        <elementType name="Kettle" class="pt.webdetails.cpk.elements.impl.KettleJobElement">
            <elementLocations>
                <elementLocation path="endpoints/kettle/admin" isRecursive="true" pattern=".*\.kjb" adminOnly="true"/>
                <elementLocation path="endpoints/kettle/" isRecursive="true" pattern=".*\.kjb" adminOnly="false"/>
            </elementLocations>
        </elementType>
        <elementType name="Kettle" class="pt.webdetails.cpk.elements.impl.KettleTransformationElement">
            <elementLocations>
                <elementLocation path="endpoints/kettle/admin" isRecursive="true" pattern=".*\.ktr" adminOnly="true"/>
                <elementLocation path="endpoints/kettle/" isRecursive="true" pattern=".*\.ktr" adminOnly="false"/>
            </elementLocations>
        </elementType>
    </elementTypes> 
    <info>
        <CPK_version>5</CPK_version>
        <description>Admin-only dashboards for quickly reviewing and toggling user and role permissions in Pentaho.</description>
        <name>ACL Dashboards</name>
        <author_email>antonio.garcia-dominguez@york.ac.uk</author_email>
        <author_name>Antonio Garcia-Dominguez</author_name>
        <company_name>University of York</company_name>
        <company_url>github.com/bluezio/acldash</company_url>
        <creation_date>2015-11-10</creation_date>
        <version>1.0.0</version>
    </info>
</cpk> 
